run,amino_acid,native_pct,design_pct,delta_pct
direct,L,9.21,10.50,1.29
direct,A,8.03,10.08,2.06
direct,E,6.04,7.57,1.54
direct,G,7.77,7.45,-0.31
direct,V,6.97,7.33,0.36
direct,K,5.67,6.76,1.09
direct,P,4.95,6.66,1.70
direct,D,6.03,6.21,0.19
direct,T,5.45,6.12,0.67
direct,I,5.14,5.15,0.01
direct,S,6.19,4.83,-1.35
direct,R,4.44,4.15,-0.29
direct,F,4.28,3.76,-0.52
direct,N,4.15,3.70,-0.46
direct,Y,3.66,3.67,0.01
direct,Q,3.82,1.63,-2.19
direct,H,2.66,1.46,-1.21
direct,W,1.57,1.08,-0.49
direct,M,2.46,0.95,-1.51
direct,C,1.52,0.95,-0.58
staged,A,7.67,9.90,2.23
staged,L,7.98,9.44,1.46
staged,G,8.17,7.84,-0.33
staged,V,6.60,7.42,0.83
staged,T,6.33,7.08,0.75
staged,K,6.01,6.84,0.83
staged,E,5.79,6.71,0.92
staged,P,4.41,6.39,1.98
staged,D,6.12,6.18,0.06
staged,S,7.06,5.78,-1.27
staged,I,5.59,5.16,-0.43
staged,N,4.54,4.10,-0.45
staged,Y,4.00,3.92,-0.08
staged,F,4.66,3.74,-0.92
staged,R,3.61,3.37,-0.24
staged,Q,3.78,1.73,-2.06
staged,H,2.43,1.31,-1.12
staged,W,1.54,1.15,-0.39
staged,C,1.53,1.08,-0.45
staged,M,2.20,0.87,-1.33
