pdb_id,chain_id,mode,seed,sample_idx,ranking_score,selected_as_best,n_residues,mae_distogram_cb_angstrom,drmsd_distogram_cb_angstrom,n_mae_distogram_pairs,mae_distogram_cb_contact_angstrom,drmsd_distogram_cb_contact_angstrom,n_mae_distogram_contact_pairs,mae_structure_ca_angstrom,drmsd_ca_angstrom,n_ca_pairs,rmsd_ca_angstrom,n_ca_atoms,rmsd_all_heavy_angstrom,n_heavy_atoms,prec_short_L,prec_short_L_2,prec_short_L_5,prec_medium_L,prec_medium_L_2,prec_medium_L_5,prec_long_L,prec_long_L_2,prec_long_L_5,n_short_contacts,n_medium_contacts,n_long_contacts
5sbj,A,single_seq,5,0,0.1615368276834488,1,30,0.4802,0.7412,300,0.2710,0.3453,101,0.5999,0.9284,378,1.2290,28,1.8259,199,0.5333,0.9333,1.0000,0.6000,1.0000,1.0000,0.7778,0.7778,1.0000,16,18,7
7pv5,A,single_seq,5,0,0.1689596027135849,1,81,0.6621,0.9858,2146,0.6005,1.0703,309,0.5698,0.8153,2415,1.1522,70,2.0031,623,0.3457,0.7000,0.9375,0.3704,0.7250,0.9375,0.8642,1.0000,1.0000,28,30,78
7qp5,A,single_seq,2,0,0.0739988386631012,1,245,3.0511,4.2095,12815,3.9948,6.3327,1183,7.7308,10.2345,28920,18.1859,241,18.3820,1936,0.2327,0.3443,0.5510,0.1837,0.2705,0.4490,0.1510,0.2049,0.3469,69,72,308
7qsj,A,single_seq,5,0,0.13843566179275513,1,373,1.9922,3.0572,22300,2.4315,4.4299,1828,4.2717,6.4442,56953,10.4707,338,10.6721,2688,0.3110,0.5000,0.7568,0.2761,0.4839,0.8243,0.6622,0.9086,1.0000,124,117,552
7t9r,A,single_seq,4,0,0.13012027740478516,1,38,4.2667,5.5208,673,4.0962,5.8857,159,5.1345,6.7761,703,9.7396,38,11.1362,316,0.3421,0.2105,0.2857,0.1842,0.0526,0.0000,0.0789,0.1053,0.2857,18,32,18
7tlh,A,single_seq,1,0,0.07592251151800156,1,136,3.2955,4.4033,5016,4.3582,6.4134,582,6.3686,8.4663,7503,16.2442,123,17.0041,939,0.2279,0.3971,0.6296,0.2868,0.4706,0.5926,0.1691,0.1912,0.1481,42,67,178
7tjb,A,single_seq,2,0,0.1600126177072525,1,227,1.5004,2.4870,11330,1.5577,3.1161,1094,2.6521,4.2991,23871,6.2529,219,6.9549,1770,0.2643,0.4336,0.5778,0.1850,0.3451,0.5778,0.9075,0.9823,1.0000,84,50,333
7uba,A,single_seq,4,0,0.1147673949599266,1,213,3.8484,5.1003,9475,4.7417,7.1719,917,7.6080,10.0090,17391,16.8897,187,17.5224,1492,0.1455,0.1887,0.0952,0.0751,0.0755,0.1667,0.0516,0.0943,0.0238,48,89,243
7uk8,A,single_seq,2,0,0.07204972952604294,1,394,3.6125,4.8748,23509,5.2948,7.7468,1926,8.3921,10.9020,72771,18.0774,382,18.5119,3137,0.1878,0.3553,0.5000,0.1777,0.2183,0.3077,0.1853,0.2284,0.3077,110,129,657
7ur2,A,single_seq,3,0,0.1049848198890686,1,195,2.3857,3.3115,7243,2.6869,4.3560,709,4.0061,5.9443,12561,9.3890,159,10.1556,1277,0.1385,0.2062,0.3846,0.1282,0.2062,0.3590,0.4462,0.6289,0.8205,36,28,227
7ur7,A,single_seq,1,0,0.1670091599225998,1,70,0.6062,0.9284,1742,0.4095,0.5874,264,0.6995,1.1937,1953,1.5406,63,2.0262,534,0.4857,0.9143,1.0000,0.3286,0.6286,1.0000,0.7000,1.0000,1.0000,34,23,51
7urp,A,single_seq,4,0,0.07954113930463791,1,160,3.5074,4.6226,6687,5.6385,7.4361,749,7.1223,9.3144,11935,14.0856,155,14.3513,1185,0.1187,0.1375,0.2500,0.0813,0.0500,0.0000,0.1562,0.1625,0.1250,43,63,323
7uvg,A,single_seq,1,0,0.13870085775852203,1,183,2.8550,4.0607,7546,3.5879,5.8159,808,4.6246,6.6421,13695,10.0014,166,10.3067,1301,0.2077,0.2308,0.3889,0.2131,0.2967,0.4167,0.6667,0.9560,1.0000,52,70,319
7uww,A,single_seq,3,0,0.05636867508292198,1,635,3.3628,4.6847,38104,5.4450,7.8377,3172,12.4961,16.5809,192510,26.8433,621,27.0339,4835,0.2047,0.3060,0.5748,0.2992,0.5047,0.8425,0.4346,0.6814,0.9843,211,331,1228
7v3o,A,single_seq,4,0,0.06387656927108765,1,328,3.7365,5.0316,15999,5.7848,8.2447,1387,9.6357,12.5630,37950,22.4292,276,22.9311,2200,0.1524,0.2439,0.4154,0.0732,0.1098,0.2154,0.0213,0.0122,0.0000,110,82,466
7w15,A,single_seq,4,0,0.062231313437223434,1,302,3.2296,4.4372,15691,4.1781,6.5090,1451,8.4284,10.8537,42778,17.8316,293,18.0582,2354,0.2219,0.3907,0.6667,0.1887,0.2583,0.2500,0.1788,0.3113,0.6667,93,102,385
7y3h,A,single_seq,1,0,0.08650121837854385,1,413,3.0478,4.3137,19497,3.4928,5.9928,1908,11.1829,14.6201,78210,24.7666,396,25.0021,2988,0.2155,0.3398,0.5732,0.1840,0.3350,0.5732,0.1477,0.2524,0.4390,121,122,451
7wz5,A,single_seq,3,0,0.07148295640945435,1,161,2.8821,3.9155,7371,3.5714,5.7885,758,5.5717,7.8661,12880,12.8587,161,13.3262,1256,0.1118,0.1875,0.2812,0.0497,0.0875,0.1562,0.1304,0.1500,0.1875,21,11,213
7wzm,A,single_seq,5,0,0.0808148980140686,1,492,2.8812,4.1500,29122,3.7186,6.1942,2354,7.9416,11.0678,104653,18.8022,458,18.6240,3469,0.1707,0.2886,0.4796,0.1687,0.2967,0.6327,0.4878,0.6992,0.9898,109,113,703
7x4p,A,single_seq,1,0,0.09002383053302765,1,307,3.3527,4.5113,15771,4.2038,6.4413,1453,9.0334,11.8607,46665,19.9123,306,20.2985,2514,0.1433,0.2026,0.2131,0.2248,0.2876,0.2295,0.0749,0.0261,0.0164,84,115,354
7x3h,A,single_seq,4,0,0.057465411722660065,1,290,3.5011,4.7566,12875,4.7653,7.2438,1258,10.6887,13.6804,35245,21.2941,266,21.4852,2196,0.2379,0.3655,0.6724,0.1862,0.2828,0.5862,0.0862,0.0897,0.1207,84,122,353
7x8l,A,single_seq,1,0,0.05614675208926201,1,514,3.7122,5.0209,34896,5.9914,8.4285,2677,9.7641,12.6133,128271,22.2645,507,22.3941,3932,0.1673,0.2335,0.3529,0.0778,0.0973,0.1569,0.0564,0.0623,0.1176,152,164,959
7xcd,A,single_seq,3,0,0.08346430212259293,1,178,2.8061,3.8985,8262,3.2480,5.5047,819,6.9838,9.6694,15753,16.8296,178,17.2596,1438,0.1573,0.2472,0.3143,0.1854,0.2809,0.4286,0.1742,0.2022,0.2286,35,42,174
7xg9,A,single_seq,1,0,0.1373291313648224,1,288,1.8498,2.9129,15951,2.4228,4.3851,1432,4.2222,6.5799,39621,9.8061,282,9.7912,2181,0.1632,0.2778,0.5439,0.1979,0.3611,0.8421,0.7812,0.9792,1.0000,55,64,485
7xi5,A,single_seq,2,0,0.09434241056442261,1,65,2.9460,4.2561,1535,2.6712,5.1117,245,3.1729,4.6378,1596,7.1127,57,7.8768,439,0.1077,0.2188,0.3846,0.0308,0.0000,0.0000,0.1538,0.2188,0.2308,16,6,36
7xp9,A,single_seq,4,0,0.11730527132749557,1,84,1.8287,2.6649,2098,1.2661,2.5650,338,2.2300,3.2608,2850,4.0393,76,4.7917,613,0.0952,0.1190,0.2500,0.1310,0.2381,0.5000,0.3214,0.4524,0.5000,9,12,48
8ycm,A,single_seq,3,0,0.0881127342581749,1,229,3.2481,4.4352,10090,4.1168,6.3516,1038,7.8161,10.3589,23220,16.4772,216,16.8592,1736,0.2009,0.3421,0.3778,0.1004,0.1404,0.2000,0.1485,0.2544,0.5333,71,61,251
7xq4,A,single_seq,4,0,0.1468954086303711,1,514,0.9806,1.8138,32933,0.9076,2.1842,2686,2.7799,4.3603,119316,6.6477,489,6.9362,3676,0.3074,0.5564,0.9804,0.3366,0.6576,1.0000,0.9611,1.0000,1.0000,158,173,789
7xrx,A,single_seq,2,0,0.1053057312965393,1,398,2.9170,4.1548,25488,3.7339,6.1914,2173,6.5464,8.9889,79003,12.5821,398,12.7531,3003,0.2111,0.3367,0.5949,0.1533,0.2261,0.4051,0.3920,0.5678,0.8861,138,110,604
7xjr,A,single_seq,2,0,0.12225927412509918,1,337,2.3384,3.3000,19086,2.9343,4.8555,1606,4.0489,6.0912,46665,10.7266,306,11.4312,2493,0.1810,0.3036,0.4925,0.1484,0.1964,0.2388,0.5460,0.7143,0.9254,76,75,570
7xyr,A,single_seq,4,0,0.10173594951629639,1,591,3.3203,4.6209,36325,4.9888,7.5151,2796,10.0851,13.2598,148785,26.7523,546,27.0155,4383,0.2081,0.3390,0.6610,0.2217,0.3424,0.6864,0.3892,0.6102,0.8305,188,215,1064
7xz3,A,single_seq,2,0,0.062244564294815063,1,325,3.6105,4.9174,13875,5.3701,7.8543,1315,10.4998,13.4227,37128,19.9503,273,19.9024,2198,0.1292,0.1790,0.2308,0.1415,0.1667,0.1846,0.0831,0.1296,0.1846,53,72,466
7y4h,A,single_seq,3,0,0.12968562543392181,1,338,2.3274,3.5275,21107,3.1629,5.4324,1735,5.5631,8.1403,53956,14.7219,329,14.9779,2546,0.2751,0.4793,0.7910,0.2189,0.3195,0.5522,0.7278,0.9763,1.0000,104,119,588
7y54,A,single_seq,1,0,0.15959203243255615,1,100,1.8172,2.8945,3353,2.0510,3.6348,464,2.5417,4.1645,4950,4.9323,100,5.3365,775,0.3700,0.6000,0.9500,0.5200,0.6400,0.9000,0.7200,0.9600,1.0000,37,61,155
7y5m,A,single_seq,2,0,0.0858578011393547,1,170,3.4443,4.5575,7199,4.6449,6.7740,742,6.4579,8.3720,11935,16.6811,155,17.0280,1237,0.3118,0.3529,0.3235,0.1059,0.0941,0.1176,0.0294,0.0235,0.0000,64,41,216
7y5r,A,single_seq,5,0,0.18079181015491486,1,105,0.6887,1.1843,3738,0.7194,1.4538,496,0.9038,1.8202,5460,2.3485,105,2.8522,812,0.3524,0.7115,1.0000,0.6190,1.0000,1.0000,0.9905,1.0000,1.0000,37,65,180
7y8h,A,single_seq,5,0,0.1830315738916397,1,100,0.5028,0.9663,2957,0.5124,1.2763,427,0.4745,0.9536,4095,1.6404,91,2.4999,732,0.3300,0.6600,1.0000,0.5900,1.0000,1.0000,1.0000,1.0000,1.0000,33,60,158
7y8i,A,single_seq,5,0,0.1839572638273239,1,97,0.6746,1.0413,2513,0.5574,0.9703,359,0.6958,1.2668,3321,1.8702,82,2.4095,665,0.3505,0.7083,1.0000,0.4124,0.7917,0.9474,0.9691,1.0000,1.0000,34,40,122
7y5j,A,single_seq,4,0,0.1258499026298523,1,102,3.0427,4.0407,3204,3.3564,4.9128,439,3.9495,5.4740,4465,7.0013,95,8.1199,753,0.2353,0.2941,0.2500,0.2353,0.0980,0.0000,0.5098,0.7647,0.8500,36,54,147
7yd4,A,single_seq,5,0,0.0828499123454094,1,185,2.9877,4.0284,9310,4.1188,6.1607,903,5.8172,7.6726,15931,12.4008,179,12.6987,1275,0.1838,0.2717,0.4595,0.1784,0.2717,0.5135,0.3297,0.4565,0.6757,55,59,312
7yhr,A,single_seq,5,0,0.10609587281942368,1,60,2.2303,3.0701,1526,1.7497,3.2529,240,2.3394,3.1521,1711,4.0287,59,5.0663,471,0.2833,0.4667,1.0000,0.1500,0.1667,0.1667,0.2500,0.4000,0.5833,21,11,31
7ykm,A,single_seq,2,0,0.14760124683380127,1,105,0.5882,0.9932,2561,0.4526,0.7806,367,0.6605,1.4082,3240,1.9914,81,2.5244,635,0.2095,0.4231,1.0000,0.2667,0.5385,0.9524,0.6476,0.9615,1.0000,22,28,70
7ylr,A,single_seq,3,0,0.0838678702712059,1,330,2.5290,3.6318,18471,3.5094,5.5231,1616,6.6178,9.0215,52975,13.7061,326,14.1280,2467,0.2394,0.4242,0.6515,0.3182,0.4788,0.7727,0.6485,0.8727,0.9091,98,157,534
8gmy,A,single_seq,1,0,0.08009355515241623,1,236,2.7639,3.7927,11334,3.8841,5.8070,1071,5.9939,8.1842,23871,16.4859,219,16.7786,1775,0.1737,0.2203,0.3404,0.2203,0.3051,0.4468,0.4661,0.6610,0.8936,70,116,285
7yug,A,single_seq,2,0,0.13232854008674622,1,118,1.8861,2.7600,4172,2.1685,3.6977,503,2.6288,3.9838,6216,6.8322,112,7.2291,953,0.2966,0.5254,0.7826,0.2712,0.4237,0.4783,0.4068,0.5763,0.9130,38,44,87
7yyg,A,single_seq,3,0,0.08931712061166763,1,365,2.7375,3.9859,12182,2.8714,5.2325,1286,9.0783,13.2525,33670,17.1666,260,17.5244,2067,0.1315,0.2253,0.4521,0.1452,0.2308,0.3699,0.2274,0.3187,0.4932,58,75,296
7z65,A,single_seq,1,0,0.1463169902563095,1,283,2.2439,3.3244,15698,2.9833,4.9352,1355,3.4995,5.0289,35511,7.1227,267,7.3636,2218,0.2509,0.3901,0.6429,0.0848,0.1348,0.2857,0.6643,0.8582,0.9821,95,32,502
7znz,A,single_seq,3,0,0.07983479648828506,1,761,2.8637,4.1759,55670,4.1147,6.6711,4120,8.9021,11.8872,283128,22.8264,753,22.7846,5811,0.2983,0.4947,0.9211,0.3811,0.6079,0.9671,0.4823,0.8184,1.0000,310,407,1354
7zoi,A,single_seq,1,0,0.06769359856843948,1,151,2.7174,3.6708,5678,4.1700,5.8143,612,4.8962,6.7812,7503,10.6807,123,11.0152,939,0.4503,0.5600,0.8000,0.2384,0.3067,0.5667,0.4901,0.6800,0.8000,77,96,153
7zs2,A,single_seq,4,0,0.06610720604658127,1,316,3.0882,4.3249,12367,4.1130,6.5253,1192,8.5945,11.3935,34716,20.0351,264,20.5314,2136,0.2911,0.4810,0.7619,0.2089,0.3481,0.7460,0.1456,0.2342,0.2857,121,87,280
7zu3,A,single_seq,1,0,0.13338972628116608,1,132,1.7714,2.6934,4779,1.6234,3.2014,552,3.4851,5.3447,7750,7.4351,125,7.8819,1004,0.1818,0.3485,0.8462,0.3106,0.5606,1.0000,0.5530,0.8030,1.0000,25,48,135
7zv1,A,single_seq,4,0,0.10569657385349274,1,136,3.2665,4.4454,4248,3.9372,6.1654,496,6.0578,8.3892,5778,10.7314,108,11.1188,839,0.2279,0.3824,0.7407,0.2574,0.4412,0.8889,0.2794,0.4706,0.6296,42,57,136
8adc,A,single_seq,4,0,0.13311134278774261,1,215,2.3457,3.3293,10483,2.8757,4.8034,996,4.5436,6.4418,20706,11.6412,204,12.2626,1617,0.2558,0.4393,0.8605,0.2651,0.4486,0.8837,0.3349,0.4579,0.5116,63,72,302
8add,A,single_seq,1,0,0.06841835379600525,1,213,3.2972,4.4712,11257,4.9369,7.1583,1056,7.6275,10.0332,22155,17.7461,211,18.1525,1661,0.2911,0.4717,0.8333,0.1972,0.2547,0.3571,0.0657,0.0472,0.0000,80,78,329
8ah9,A,single_seq,5,0,0.18085330724716187,1,120,0.3691,0.5245,4262,0.3013,0.4224,499,0.3210,0.4877,5995,0.5869,110,1.6803,925,0.5583,1.0000,1.0000,0.9750,1.0000,1.0000,0.6833,1.0000,1.0000,67,125,83
8akh,A,single_seq,1,0,0.08194839954376221,1,374,3.2607,4.5505,19205,4.7344,7.1976,1610,7.3956,9.8128,49455,18.5568,315,19.0253,2499,0.2487,0.4064,0.7432,0.2139,0.3476,0.6351,0.1765,0.2781,0.5541,112,118,502
8ak2,A,single_seq,2,0,0.053602058440446854,1,297,3.4457,4.6379,16050,5.0365,7.3731,1363,7.5576,9.9297,40186,18.3198,284,19.1805,2383,0.1751,0.2162,0.2373,0.1178,0.1419,0.1525,0.1010,0.0946,0.0678,87,114,385
8arl,A,single_seq,3,0,0.12492386251688004,1,246,2.3674,3.3715,8034,1.6556,3.2974,990,7.5039,11.8520,26565,14.2214,231,14.3555,2077,0.0488,0.0650,0.1020,0.0407,0.0569,0.1224,0.1301,0.1707,0.2857,22,12,124
8q8i,A,single_seq,4,0,0.049370717257261276,1,282,3.6777,4.9494,15746,5.6944,8.0462,1372,9.7313,12.4628,38781,21.2836,279,21.4452,2325,0.1418,0.1348,0.1786,0.0993,0.0922,0.0714,0.0603,0.0638,0.1071,75,138,408
8au6,A,single_seq,4,0,0.07658848166465759,1,321,2.8457,3.9523,13485,3.6496,5.8335,1320,8.3135,12.0363,30628,23.1824,248,23.4494,1799,0.1682,0.2500,0.4219,0.1246,0.1688,0.1875,0.4237,0.7312,0.9375,66,68,412
8axj,A,single_seq,3,0,0.0780603215098381,1,162,3.4397,4.5994,6878,5.1394,7.3249,723,7.3696,10.0180,11628,15.9912,153,16.7977,1270,0.0741,0.1111,0.1562,0.1790,0.2716,0.2812,0.0926,0.1358,0.1250,32,144,171
8azb,A,single_seq,4,0,0.08107385784387589,1,521,3.1705,4.5020,29914,4.4475,7.0297,2484,10.2654,13.6415,119316,23.7498,489,24.1543,4029,0.2591,0.4077,0.6635,0.1631,0.2538,0.5385,0.3493,0.5769,0.9038,180,191,806
8b2e,A,single_seq,3,0,0.09089809656143188,1,143,2.7255,3.8124,6400,3.8896,5.9820,720,5.1530,7.1788,9316,14.5379,137,15.1284,1044,0.1958,0.3239,0.6429,0.1608,0.2817,0.6071,0.3427,0.5634,0.8214,50,82,160
8b2g,A,single_seq,4,0,0.11207222938537598,1,74,3.7128,4.8074,2393,5.0682,6.8464,344,4.9891,6.4585,2628,12.3394,73,12.9325,543,0.2432,0.3784,0.2857,0.0676,0.0541,0.0000,0.1081,0.1081,0.2143,37,63,82
8b2s,A,single_seq,2,0,0.07880114763975143,1,245,2.9647,4.2628,10592,4.2418,6.5635,1169,9.1644,12.5167,28441,17.0644,239,17.2326,1805,0.2000,0.2459,0.3673,0.1878,0.2705,0.3878,0.2204,0.3115,0.6122,79,124,295
8b4u,A,single_seq,2,0,0.06503698229789734,1,277,3.0477,4.0903,15082,4.3416,6.2315,1324,6.1705,8.0827,33670,13.9372,260,14.7569,2119,0.1986,0.2754,0.3636,0.1986,0.2536,0.2909,0.2347,0.3551,0.6182,79,91,434
8b5w,A,single_seq,1,0,0.06575127691030502,1,459,3.0900,4.2213,21022,4.2746,6.5427,1764,7.2889,9.7759,59685,14.7074,346,15.0844,2723,0.1307,0.1834,0.2527,0.1133,0.1179,0.1319,0.1547,0.1747,0.1758,94,96,488
8b61,A,single_seq,3,0,0.078994981944561,1,238,3.3609,4.6302,9670,5.2009,7.5526,965,7.9770,10.9328,19110,20.1116,196,20.4221,1572,0.1849,0.2941,0.5957,0.2059,0.3193,0.6809,0.2185,0.3697,0.7234,83,108,310
8b6a,A,single_seq,5,0,0.0522419698536396,1,214,3.3179,4.4301,8512,5.4783,7.4644,831,7.4155,9.8040,14878,17.3960,173,17.7462,1332,0.2991,0.4206,0.6190,0.2430,0.3364,0.6429,0.0888,0.1308,0.1905,94,123,242
8b6e,A,single_seq,5,0,0.15508516132831573,1,66,0.6079,1.3169,1084,0.3141,0.4291,206,0.7948,2.0306,1128,2.0863,48,2.7145,401,0.5758,1.0000,1.0000,0.2727,0.5455,0.9231,0.3485,0.6970,1.0000,38,18,23
8baq,A,single_seq,4,0,0.06860166043043137,1,208,3.5087,4.6611,10715,5.3031,7.4494,977,7.3680,9.3464,21528,18.7410,208,18.9869,1704,0.1058,0.1346,0.1220,0.0240,0.0000,0.0000,0.0529,0.0577,0.1220,47,73,306
8bau,A,single_seq,4,0,0.06518828868865967,1,189,3.6129,4.8657,8921,4.4289,6.9849,907,8.5260,10.9054,17578,18.1980,188,18.9054,1536,0.2804,0.3723,0.5405,0.0794,0.1064,0.1622,0.0000,0.0000,0.0000,79,51,210
8bfy,A,single_seq,5,0,0.07240480929613113,1,426,3.2913,4.5488,24575,4.8795,7.3223,2018,9.6351,12.3991,73153,24.1970,383,24.0141,2974,0.1972,0.3333,0.4824,0.0704,0.0939,0.1529,0.2441,0.3850,0.6824,103,115,651
8bgb,A,single_seq,2,0,0.15727095305919647,1,131,1.8644,2.9398,5621,2.0154,3.8878,628,2.3148,3.8795,7875,5.7741,126,5.9268,979,0.3511,0.5231,0.8846,0.3053,0.5385,0.8846,0.7863,0.9692,1.0000,58,76,154
8bke,A,single_seq,4,0,0.1273588389158249,1,638,1.7685,2.7415,27518,2.0829,3.7980,2334,2.5069,3.8609,91378,5.8948,428,6.2087,3237,0.1379,0.2476,0.5276,0.5470,0.8025,0.9921,0.7931,0.9812,1.0000,90,390,922
8bsb,A,single_seq,3,0,0.1572922319173813,1,177,0.5278,0.8901,5692,0.4693,1.0527,738,0.8242,1.4165,12246,3.3403,157,3.7885,1267,0.0508,0.1023,0.2571,0.1356,0.2727,0.6857,0.6328,0.9773,1.0000,9,24,118
8bux,A,single_seq,1,0,0.05624048784375191,1,334,3.7143,4.9772,14144,4.8620,7.3738,1345,11.2061,14.5764,39060,21.5119,280,21.7847,2156,0.1317,0.2036,0.3788,0.0838,0.1138,0.1970,0.0928,0.1078,0.0758,58,81,410
8c4d,A,single_seq,3,0,0.08882611244916916,1,330,3.3514,4.5048,9581,5.1610,7.2795,921,6.1876,8.2048,16471,16.1215,182,16.5364,1469,0.1212,0.1818,0.2121,0.0697,0.0545,0.0606,0.0970,0.0970,0.0606,51,55,304
7xlz,A,single_seq,4,0,0.06092910096049309,1,266,3.6201,4.8973,12227,5.2279,7.5877,1129,8.4196,10.9430,27730,19.3765,236,19.7229,1917,0.1767,0.2632,0.4151,0.1353,0.2030,0.4717,0.1579,0.2857,0.4717,58,120,380
8c4y,A,single_seq,4,0,0.053552936762571335,1,314,3.4736,4.7600,18586,5.1481,7.5826,1631,8.0070,10.5312,47278,19.4745,308,19.7109,2457,0.1592,0.2548,0.4677,0.1306,0.1465,0.2742,0.2834,0.4522,0.7097,79,87,570
8cba,A,single_seq,2,0,0.110679030418396,1,214,3.5484,4.9179,8025,4.0353,6.7471,764,8.8103,11.9838,16110,16.2308,180,16.6339,1662,0.2150,0.3364,0.5238,0.1495,0.2430,0.5000,0.2336,0.4299,0.7619,64,64,189
8ci9,A,single_seq,5,0,0.06906090676784515,1,312,3.5113,4.7562,17689,5.2600,7.6881,1506,8.1289,10.3502,46360,17.7108,305,18.1023,2377,0.1667,0.2436,0.3548,0.0833,0.1218,0.1774,0.1538,0.2372,0.4194,88,78,511
8cih,A,single_seq,1,0,0.16041119396686554,1,214,1.0574,1.8262,7034,0.8959,2.0528,870,1.2715,2.1277,16836,3.4486,184,4.0087,1464,0.0561,0.1028,0.1429,0.0935,0.1682,0.4048,0.6495,0.8785,1.0000,17,20,175
8amo,A,single_seq,1,0,0.08057265728712082,1,399,2.8877,4.1315,18985,3.7980,6.3181,1601,6.8801,9.3357,58653,17.1909,343,17.8642,2971,0.1855,0.3065,0.4810,0.2005,0.3015,0.5949,0.2531,0.4221,0.7848,97,112,434
8cpk,A,single_seq,5,0,0.17864839732646942,1,384,0.9727,1.8508,22225,1.1871,2.6176,2026,1.3882,2.8447,63190,4.8659,356,4.8884,2724,0.2396,0.4375,0.8158,0.7656,0.9896,1.0000,0.9714,1.0000,1.0000,94,329,876
8cpn,A,single_seq,1,0,0.12556412816047668,1,207,2.5103,3.7302,6841,2.6099,4.7663,732,4.8101,6.8563,12403,9.0027,158,9.1419,1273,0.2705,0.5146,0.8537,0.4348,0.8155,1.0000,0.5556,0.8058,0.9756,56,93,247
8d2z,A,single_seq,5,0,0.12547367811203003,1,327,2.0418,3.1100,18486,2.6465,4.6851,1599,3.1418,4.6080,44253,7.4056,298,7.8943,2349,0.3150,0.5521,0.9692,0.3547,0.6319,0.9692,0.6728,0.8957,1.0000,108,137,513
8daj,A,single_seq,3,0,0.12233266979455948,1,302,2.7735,3.9162,18513,4.1522,6.2320,1575,5.3029,7.3528,41328,12.4253,288,12.5479,2278,0.2318,0.3377,0.5833,0.2616,0.4040,0.7333,0.5033,0.7616,1.0000,100,148,572
8dez,A,single_seq,3,0,0.11588193476200104,1,173,2.8516,3.9785,7258,3.8289,5.7726,804,7.0925,9.9751,14028,13.5597,168,15.1470,1331,0.2543,0.3256,0.3824,0.2081,0.2093,0.3529,0.7977,0.9651,1.0000,45,48,358
8dge,A,single_seq,1,0,0.1676771342754364,1,738,3.4810,4.6883,46866,5.5959,7.7415,3603,14.4782,19.7167,248865,28.1566,706,28.0896,5658,0.2304,0.3225,0.4830,0.1640,0.1518,0.1905,0.1965,0.2737,0.4354,254,305,1229
8dhj,A,single_seq,2,0,0.07367513328790665,1,249,3.6245,4.8939,11255,4.7817,7.3040,1071,8.3402,10.8914,24976,17.9442,224,18.3971,1924,0.1807,0.2984,0.4898,0.1205,0.0887,0.1020,0.0321,0.0323,0.0204,54,75,302
8dmu,A,single_seq,5,0,0.0754743292927742,1,489,3.7055,5.0185,32839,5.7040,8.2105,2500,9.6481,12.7554,113050,24.6912,476,24.4668,3715,0.1820,0.2213,0.1959,0.0716,0.0738,0.1134,0.1738,0.2828,0.4639,164,139,850
8dp9,A,single_seq,3,0,0.10910031944513321,1,148,3.9933,5.1873,5481,5.6608,7.7384,603,6.3019,7.9794,8385,14.2905,130,14.9134,1057,0.1892,0.2027,0.0345,0.1014,0.0811,0.0345,0.0608,0.0676,0.0690,38,46,225
8dqd,A,single_seq,4,0,0.08766699582338333,1,377,3.3338,4.6331,23282,4.3574,6.9432,1982,10.6836,14.1587,68265,23.1596,370,23.2781,2887,0.1804,0.2872,0.4400,0.3210,0.5106,0.8400,0.2944,0.3989,0.4400,91,194,597
8dx0,A,single_seq,3,0,0.15443985164165497,1,154,1.2774,1.8389,5600,1.0608,1.8036,637,1.6000,2.3945,9045,2.8542,135,3.2497,1115,0.2468,0.4935,0.9333,0.3506,0.5844,0.7333,0.7403,0.7532,0.8000,38,55,181
8e0r,A,single_seq,4,0,0.0893973559141159,1,468,3.8138,5.0843,24133,6.1587,8.3749,1991,11.0306,13.9901,85905,23.3191,415,23.4900,3370,0.1880,0.2479,0.4086,0.2308,0.3077,0.5699,0.1068,0.1368,0.2258,153,276,624
8e5h,A,single_seq,3,0,0.1336616575717926,1,372,2.3568,3.5382,22948,3.4214,5.7525,1839,5.4108,8.2085,61075,13.7219,350,13.7773,2763,0.1989,0.3441,0.6216,0.2043,0.2957,0.5405,0.7554,0.9677,0.9865,108,126,653
8eb9,A,single_seq,1,0,0.0673651397228241,1,95,3.3374,4.3315,3075,4.9641,6.6116,422,4.5654,5.9865,3916,10.0068,89,9.9841,653,0.1789,0.1915,0.1579,0.1579,0.1702,0.2632,0.2421,0.3404,0.4211,41,66,119
8ec3,A,single_seq,2,0,0.12104475498199463,1,168,2.5376,3.6057,6315,2.4802,4.4467,764,4.4301,6.0580,11781,6.6695,154,7.0500,1229,0.0893,0.1429,0.1818,0.0595,0.0714,0.0606,0.3929,0.5238,0.6667,23,20,175
8eo5,A,single_seq,2,0,0.06849237531423569,1,290,3.3260,4.5076,16242,4.8744,7.0939,1431,9.2054,11.8209,36315,19.4020,270,19.8548,2025,0.1759,0.2621,0.4138,0.1828,0.2138,0.3448,0.2759,0.3448,0.4138,76,145,416
5sbj,A,msa,3,0,0.16169826686382294,1,30,0.4787,0.7369,300,0.2731,0.3452,101,0.5862,0.9062,378,1.2017,28,1.7584,199,0.5333,1.0000,1.0000,0.6000,1.0000,1.0000,0.7778,0.7778,1.0000,16,18,7
7pv5,A,msa,2,0,0.18629738688468933,1,81,0.4758,0.7380,2146,0.3554,0.5129,309,0.5108,0.9271,2415,1.1929,70,1.8894,623,0.3457,0.7000,1.0000,0.3704,0.7500,1.0000,0.9012,1.0000,1.0000,28,30,78
7qp5,A,msa,4,0,0.19073645770549774,1,245,0.3580,0.6224,12815,0.3088,0.5222,1183,0.4765,1.2530,28920,1.4299,241,1.7787,1936,0.2816,0.5656,0.9796,0.2939,0.5902,1.0000,0.9878,1.0000,1.0000,69,72,308
7qsj,A,msa,4,0,0.18982933461666107,1,373,0.2425,0.3383,22300,0.2281,0.3322,1828,0.1860,0.2805,56953,0.3910,338,0.9279,2688,0.3324,0.6667,1.0000,0.3137,0.6290,1.0000,1.0000,1.0000,1.0000,124,117,552
7t9r,A,msa,2,0,0.1637858897447586,1,38,0.6614,1.0095,673,0.4676,0.7109,159,0.8782,1.7256,703,2.9759,38,3.8318,316,0.4737,0.9474,1.0000,0.8421,1.0000,1.0000,0.4737,0.8421,1.0000,18,32,18
7tlh,A,msa,1,0,0.17875182628631592,1,136,0.4792,0.7073,5016,0.4114,0.6353,582,0.6771,1.2581,7503,1.8073,123,2.1045,939,0.3088,0.6176,1.0000,0.4926,0.9559,1.0000,0.9926,1.0000,1.0000,42,67,178
7tjb,A,msa,2,0,0.18936675786972046,1,227,0.3319,0.5420,11330,0.2897,0.4947,1094,0.6691,2.0836,23871,1.9588,219,2.1597,1770,0.3700,0.7434,1.0000,0.2203,0.4425,1.0000,0.9956,1.0000,1.0000,84,50,333
7uba,A,msa,1,0,0.1846415251493454,1,213,0.3365,0.4824,9475,0.2844,0.4023,917,0.3143,0.4802,17391,0.6004,187,1.2568,1492,0.2254,0.4528,1.0000,0.4178,0.8302,1.0000,0.9765,1.0000,1.0000,48,89,243
7uk8,A,msa,1,0,0.18949954211711884,1,394,0.6225,1.3376,23509,0.5819,1.5490,1926,0.8361,1.9113,72771,2.4703,382,2.9426,3137,0.2741,0.5330,0.9359,0.3198,0.6294,1.0000,0.9975,1.0000,1.0000,110,129,657
7ur2,A,msa,3,0,0.16477882862091064,1,195,0.5501,1.1684,7243,0.4112,1.0115,709,1.5168,4.2439,12561,6.7254,159,7.1967,1277,0.1846,0.3711,0.8205,0.1436,0.2887,0.7179,0.9641,1.0000,1.0000,36,28,227
7ur7,A,msa,1,0,0.16710127890110016,1,70,0.6067,0.9310,1742,0.4065,0.5882,264,0.6998,1.1948,1953,1.5433,63,2.0300,534,0.4857,0.9143,1.0000,0.3286,0.6286,1.0000,0.7000,1.0000,1.0000,34,23,51
7urp,A,msa,2,0,0.19138281047344208,1,160,0.2723,0.4736,6687,0.2718,0.5205,749,0.2519,0.5135,11935,1.1437,155,1.3250,1185,0.2687,0.5375,1.0000,0.3937,0.7875,1.0000,1.0000,1.0000,1.0000,43,63,323
7uvg,A,msa,5,0,0.18491913378238678,1,183,0.3582,0.6377,7546,0.3041,0.5341,808,0.4045,0.8498,13695,1.8527,166,2.1775,1301,0.2842,0.5714,1.0000,0.3825,0.7473,1.0000,1.0000,1.0000,1.0000,52,70,319
7uww,A,msa,4,0,0.17230382561683655,1,635,0.4830,0.9362,38104,0.3077,0.5743,3172,1.3351,2.2106,192510,4.0087,621,4.1202,4835,0.3323,0.6625,0.9764,0.5213,0.9653,0.9921,1.0000,1.0000,1.0000,211,331,1228
7v3o,A,msa,1,0,0.18561170995235443,1,328,0.3850,0.5941,15999,0.2930,0.4265,1387,0.3855,0.6556,37950,0.7733,276,1.3591,2200,0.3354,0.6707,1.0000,0.2500,0.5000,0.9385,0.9909,1.0000,1.0000,110,82,466
7w15,A,msa,5,0,0.1877383589744568,1,302,0.3780,0.6632,15691,0.2774,0.4689,1451,0.4718,1.0275,42778,1.2982,293,1.6611,2354,0.3079,0.6159,1.0000,0.3377,0.6755,1.0000,0.9967,1.0000,1.0000,93,102,385
7y3h,A,msa,1,0,0.18123511970043182,1,413,0.4640,0.7397,19497,0.3193,0.5270,1908,0.7806,1.0638,78210,1.4037,396,1.7816,2988,0.2930,0.5825,1.0000,0.2954,0.5922,0.9878,0.9370,1.0000,1.0000,121,122,451
7wz5,A,msa,1,0,0.1887127012014389,1,161,0.4642,0.8084,7371,0.4077,0.7586,758,0.5243,1.0279,12880,1.2867,161,1.8593,1256,0.1304,0.2625,0.6250,0.0683,0.1375,0.3438,0.9938,0.9875,0.9688,21,11,213
7wzm,A,msa,3,0,0.17845015227794647,1,492,0.4896,0.8382,29122,0.4388,0.8950,2354,0.5767,1.2515,104653,1.7505,458,1.9315,3469,0.2215,0.4431,0.9490,0.2297,0.4593,0.9898,0.9939,1.0000,1.0000,109,113,703
7x4p,A,msa,2,0,0.1865396946668625,1,307,0.4985,0.9550,15771,0.4083,0.9176,1453,0.8536,1.7643,46665,3.2533,306,3.9573,2514,0.2736,0.5163,0.9508,0.3583,0.6928,1.0000,0.9511,0.9935,1.0000,84,115,354
7x3h,A,msa,4,0,0.18422572314739227,1,290,1.0040,1.9193,12875,0.6437,1.5606,1258,3.6865,6.0257,35245,7.2020,266,7.4781,2196,0.2724,0.5379,0.9655,0.4103,0.7862,0.9310,0.8207,0.8966,0.9138,84,122,353
7x8l,A,msa,2,0,0.19498947262763977,1,514,0.2810,0.4116,34896,0.2301,0.3234,2677,0.3783,0.5767,128271,0.7117,507,1.2107,3932,0.2957,0.5914,1.0000,0.3191,0.6381,1.0000,1.0000,1.0000,1.0000,152,164,959
7xcd,A,msa,1,0,0.18647949397563934,1,178,0.4094,0.8052,8262,0.3671,0.7292,819,0.5420,1.1406,15753,2.2765,178,2.6381,1438,0.1966,0.3933,0.9429,0.2360,0.4719,1.0000,0.9101,1.0000,1.0000,35,42,174
7xg9,A,msa,5,0,0.18838314712047577,1,288,0.4301,0.7317,15951,0.3715,0.6879,1432,0.4794,1.0856,39621,1.7022,282,1.9974,2181,0.1910,0.3819,0.9298,0.2222,0.4306,0.9298,0.9965,1.0000,1.0000,55,64,485
7xi5,A,msa,1,0,0.18315331637859344,1,65,0.2832,0.4981,1535,0.2557,0.4711,245,0.3435,0.9270,1596,1.1910,57,1.5101,439,0.2462,0.5000,1.0000,0.0923,0.1875,0.4615,0.5538,0.9688,1.0000,16,6,36
7xp9,A,msa,2,0,0.15450119972229004,1,84,0.6593,0.9229,2098,0.5518,0.9034,338,0.7618,1.0845,2850,1.5407,76,2.3151,613,0.1071,0.2143,0.5000,0.1429,0.2857,0.7500,0.5595,0.9048,1.0000,9,12,48
8ycm,A,msa,4,0,0.18621546030044556,1,229,0.4655,0.8487,10090,0.3630,0.7974,1038,0.4855,0.8801,23220,1.1795,216,1.6302,1736,0.3100,0.6228,1.0000,0.2664,0.5351,1.0000,0.9301,1.0000,1.0000,71,61,251
7xq4,A,msa,2,0,0.18988244235515594,1,514,0.3302,0.5454,32933,0.2938,0.5076,2686,0.3682,0.5492,119316,0.7362,489,1.2450,3676,0.3074,0.6148,1.0000,0.3366,0.6732,1.0000,0.9922,1.0000,1.0000,158,173,789
7xrx,A,msa,2,0,0.19476306438446045,1,398,0.2531,0.4408,25488,0.2325,0.3447,2173,0.2699,0.5931,79003,0.8139,398,1.2208,3003,0.3467,0.6935,1.0000,0.2764,0.5528,1.0000,1.0000,1.0000,1.0000,138,110,604
7xjr,A,msa,1,0,0.18681268393993378,1,337,0.2721,0.3821,19086,0.2285,0.3232,1606,0.2394,0.3221,46665,0.4016,306,0.9736,2493,0.2255,0.4524,1.0000,0.2226,0.4464,0.9851,0.9970,1.0000,1.0000,76,75,570
7xyr,A,msa,5,0,0.1912650465965271,1,591,0.3452,0.4630,36325,0.2211,0.3043,2796,0.4116,0.5331,148785,0.5579,546,1.0123,4383,0.3181,0.6373,1.0000,0.3638,0.7288,1.0000,1.0000,1.0000,1.0000,188,215,1064
7xz3,A,msa,2,0,0.18169285356998444,1,325,0.3976,0.8553,13875,0.3570,0.8342,1315,0.8382,2.2050,37128,2.3063,273,2.7758,2198,0.1631,0.3272,0.7692,0.2215,0.4444,0.9692,0.9908,1.0000,1.0000,53,72,466
7y4h,A,msa,2,0,0.19464367628097534,1,338,0.2736,0.3920,21107,0.2514,0.3294,1735,0.3657,0.6712,53956,0.7887,329,1.3213,2546,0.3077,0.6154,1.0000,0.3521,0.7041,1.0000,1.0000,1.0000,1.0000,104,119,588
7y54,A,msa,5,0,0.18435299396514893,1,100,0.5313,1.0080,3353,0.4862,1.0581,464,0.6782,1.5125,4950,3.1588,100,3.3307,775,0.3700,0.7400,1.0000,0.6100,1.0000,1.0000,1.0000,1.0000,1.0000,37,61,155
7y5m,A,msa,5,0,0.1830819696187973,1,170,0.5392,0.9364,7199,0.4375,0.8662,742,0.4927,0.7720,11935,1.1486,155,1.6467,1237,0.3765,0.7412,1.0000,0.2412,0.4706,0.9412,0.9471,0.9882,1.0000,64,41,216
7y5r,A,msa,5,0,0.19063706696033478,1,105,0.4024,0.5997,3738,0.3222,0.5185,496,0.4526,0.9641,5460,1.1375,105,1.4991,812,0.3524,0.7115,1.0000,0.6190,1.0000,1.0000,1.0000,1.0000,1.0000,37,65,180
7y8h,A,msa,1,0,0.18183785676956177,1,100,0.4101,0.5976,2957,0.3957,0.6290,427,0.3801,0.6298,4095,0.8253,91,1.6408,732,0.3300,0.6600,1.0000,0.5900,1.0000,1.0000,1.0000,1.0000,1.0000,33,60,158
7y8i,A,msa,1,0,0.18725644052028656,1,97,0.5217,0.8049,2513,0.3618,0.5466,359,0.4405,0.6767,3321,0.8810,82,1.7372,665,0.3505,0.7083,1.0000,0.4124,0.8125,1.0000,0.9897,1.0000,1.0000,34,40,122
7y5j,A,msa,5,0,0.18540173768997192,1,102,0.3446,0.4956,3204,0.3200,0.4504,439,0.2686,0.3708,4465,0.5496,95,1.4538,753,0.3529,0.7059,1.0000,0.5294,0.9804,1.0000,1.0000,1.0000,1.0000,36,54,147
7yd4,A,msa,5,0,0.18942594528198242,1,185,0.3356,0.5069,9310,0.3412,0.5288,903,0.3078,0.5132,15931,0.7616,179,1.1889,1275,0.2973,0.5978,1.0000,0.3189,0.6413,1.0000,1.0000,1.0000,1.0000,55,59,312
7yhr,A,msa,3,0,0.18759727478027344,1,60,0.2798,0.3707,1526,0.2436,0.3350,240,0.2125,0.2919,1711,0.3764,59,1.0792,471,0.3500,0.7000,1.0000,0.1833,0.3667,0.9167,0.5167,0.9667,1.0000,21,11,31
7ykm,A,msa,3,0,0.15124580264091492,1,105,0.4701,0.8427,2561,0.3531,0.5145,367,0.5189,1.2615,3240,1.5277,81,2.4116,635,0.2095,0.4231,1.0000,0.2667,0.5385,0.9524,0.6571,0.9808,1.0000,22,28,70
7ylr,A,msa,4,0,0.16267608106136322,1,330,0.5290,0.9442,18471,0.3862,0.8521,1616,0.7021,1.1136,52975,1.7117,326,1.9724,2467,0.2970,0.5939,1.0000,0.4758,0.9333,1.0000,0.9970,1.0000,1.0000,98,157,534
8gmy,A,msa,1,0,0.19263936579227448,1,236,0.8452,1.5980,11334,0.6787,1.6541,1071,1.0724,2.0125,23871,2.8437,219,3.1908,1775,0.2839,0.5508,0.9787,0.4831,0.8983,1.0000,0.8983,0.9831,1.0000,70,116,285
7yug,A,msa,2,0,0.19276666641235352,1,118,0.3725,0.6347,4172,0.3186,0.5931,503,0.3320,0.5764,6216,0.8346,112,1.4122,953,0.3220,0.6441,1.0000,0.3729,0.7458,1.0000,0.7288,1.0000,1.0000,38,44,87
7yyg,A,msa,5,0,0.15072278678417206,1,365,0.5422,0.8433,12182,0.4178,0.7432,1286,0.9837,1.5052,33670,2.1097,260,2.4484,2067,0.1589,0.3187,0.7808,0.2055,0.4121,0.9178,0.7534,0.9890,1.0000,58,75,296
7z65,A,msa,3,0,0.19341090321540833,1,283,0.3149,0.5628,15698,0.3009,0.5510,1355,0.4027,0.8890,35511,1.1708,267,1.5854,2218,0.3357,0.6738,1.0000,0.1131,0.2270,0.5714,1.0000,1.0000,1.0000,95,32,502
7znz,A,msa,5,0,0.19521622359752655,1,761,0.2979,0.4328,55670,0.2517,0.3552,4120,0.4111,0.6305,283128,0.7975,753,1.1260,5811,0.4074,0.8105,1.0000,0.5348,0.9895,1.0000,1.0000,1.0000,1.0000,310,407,1354
7zoi,A,msa,1,0,0.18103431165218353,1,151,0.3143,0.4152,5678,0.2463,0.3195,612,0.2429,0.3304,7503,0.4373,123,1.0577,939,0.5099,0.9867,1.0000,0.6358,1.0000,1.0000,0.9603,1.0000,1.0000,77,96,153
7zs2,A,msa,5,0,0.15411175787448883,1,316,0.5780,0.9955,12367,0.3870,0.8681,1192,1.2906,1.8927,34716,3.5831,264,3.8191,2136,0.3829,0.7532,1.0000,0.2753,0.5506,1.0000,0.8291,1.0000,1.0000,121,87,280
7zu3,A,msa,1,0,0.1304677575826645,1,132,2.2843,3.4665,4779,2.1957,4.3536,552,6.8393,10.7508,7750,11.7766,125,11.4942,1004,0.1894,0.3636,0.8077,0.3258,0.5909,1.0000,0.4924,0.7424,1.0000,25,48,135
7zv1,A,msa,5,0,0.14990054070949554,1,136,1.0373,2.2373,4248,1.1872,3.1040,496,1.5941,3.6553,5778,3.8467,108,3.8854,839,0.3088,0.6176,1.0000,0.4191,0.8088,1.0000,0.7794,1.0000,1.0000,42,57,136
8adc,A,msa,1,0,0.17668516933918,1,215,0.8758,1.4417,10483,0.7795,1.4528,996,1.2527,2.2014,20706,2.9735,204,3.7307,1617,0.2930,0.5421,0.9535,0.3349,0.6168,0.9767,0.9349,0.9907,1.0000,63,72,302
8add,A,msa,4,0,0.19349293410778046,1,213,0.3820,0.6272,11257,0.3167,0.5530,1056,0.4603,0.7738,22155,1.1213,211,1.7233,1661,0.3756,0.7453,1.0000,0.3662,0.7358,1.0000,1.0000,1.0000,1.0000,80,78,329
8ah9,A,msa,4,0,0.18272480368614197,1,120,0.3902,0.5679,4262,0.2953,0.4155,499,0.3492,0.5054,5995,0.6201,110,2.0641,925,0.5583,0.9833,1.0000,0.9583,1.0000,1.0000,0.6667,0.9833,1.0000,67,125,83
8akh,A,msa,5,0,0.19046829640865326,1,374,0.2781,0.4176,19205,0.2639,0.3929,1610,0.2968,0.4552,49455,0.6060,315,1.1896,2499,0.2995,0.5989,1.0000,0.3155,0.6310,1.0000,1.0000,1.0000,1.0000,112,118,502
8ak2,A,msa,5,0,0.18925230205059052,1,297,0.3446,0.5048,16050,0.2823,0.4380,1363,0.3726,0.5434,40186,0.7454,284,1.4875,2383,0.2929,0.5878,1.0000,0.3838,0.7703,1.0000,0.9966,1.0000,1.0000,87,114,385
8arl,A,msa,4,0,0.16930316388607025,1,246,0.5636,1.0356,8034,0.4312,0.9993,990,1.2466,2.2088,26565,3.1701,231,3.5015,2077,0.0894,0.1545,0.2857,0.0488,0.0976,0.2449,0.5041,0.8618,1.0000,22,12,124
8q8i,A,msa,2,0,0.1913084238767624,1,282,0.2825,0.4029,15746,0.2904,0.3910,1372,0.3028,0.4401,38781,0.5429,279,1.1321,2325,0.2660,0.5319,1.0000,0.4894,0.9574,1.0000,1.0000,1.0000,1.0000,75,138,408
8au6,A,msa,4,0,0.1752164512872696,1,321,0.3381,0.6625,13485,0.2569,0.4045,1320,1.4061,3.5386,30628,5.2887,248,5.5489,1799,0.2056,0.4125,0.9844,0.2118,0.4250,0.9844,0.9813,1.0000,1.0000,66,68,412
8axj,A,msa,5,0,0.19076119363307953,1,162,0.3525,0.5522,6878,0.3160,0.5027,723,0.3864,0.7337,11628,1.1012,153,1.7494,1270,0.1975,0.3951,0.9375,0.8765,1.0000,1.0000,0.9630,1.0000,1.0000,32,144,171
8azb,A,msa,4,0,0.1751604825258255,1,521,0.4161,0.7909,29914,0.2687,0.4172,2484,1.6720,2.8124,119316,3.6066,489,3.7249,4029,0.3455,0.6923,1.0000,0.3666,0.7346,1.0000,1.0000,1.0000,1.0000,180,191,806
8b2e,A,msa,2,0,0.19521695375442505,1,143,0.2107,0.2792,6400,0.2143,0.2568,720,0.2036,0.2970,9316,0.4393,137,1.0008,1044,0.3497,0.7042,1.0000,0.5734,1.0000,1.0000,0.9930,1.0000,1.0000,50,82,160
8b2g,A,msa,5,0,0.1907607465982437,1,74,0.2958,0.4110,2393,0.2924,0.3981,344,0.2359,0.3266,2628,0.4343,73,0.9387,543,0.5000,1.0000,1.0000,0.8514,1.0000,1.0000,0.9865,1.0000,1.0000,37,63,82
8b2s,A,msa,5,0,0.14582262933254242,1,245,0.5884,1.4428,10592,0.5095,1.8790,1169,4.6307,8.1641,28441,11.4695,239,11.5908,1805,0.3224,0.6475,1.0000,0.5061,0.9672,1.0000,0.9755,1.0000,1.0000,79,124,295
8b4u,A,msa,1,0,0.1896555870771408,1,277,0.2786,0.5050,15082,0.2812,0.6160,1324,0.2831,0.5740,33670,0.8555,260,1.4903,2119,0.2852,0.5725,1.0000,0.3285,0.6594,1.0000,1.0000,1.0000,1.0000,79,91,434
8b5w,A,msa,1,0,0.16103751957416534,1,459,0.3018,0.5317,21022,0.2927,0.5287,1764,0.3419,0.6384,59685,0.8220,346,1.6110,2723,0.2048,0.4061,0.9231,0.2092,0.4192,0.9451,0.9630,1.0000,1.0000,94,96,488
8b61,A,msa,4,0,0.17493443191051483,1,238,0.3961,0.6958,9670,0.3164,0.7105,965,0.3994,0.6872,19110,1.3227,196,1.7919,1572,0.3487,0.6975,0.9787,0.4538,0.8571,1.0000,0.9958,1.0000,1.0000,83,108,310
8b6a,A,msa,2,0,0.16566120088100433,1,214,0.2665,0.3790,8512,0.2224,0.2723,831,0.2845,0.4284,14878,0.5695,173,0.9104,1332,0.4393,0.8785,1.0000,0.5748,1.0000,1.0000,1.0000,1.0000,1.0000,94,123,242
8b6e,A,msa,4,0,0.1539882868528366,1,66,0.5593,1.1817,1084,0.2992,0.4048,206,0.7936,2.0128,1128,2.0504,48,3.0764,401,0.5758,0.9697,1.0000,0.2727,0.5455,1.0000,0.3485,0.6970,1.0000,38,18,23
8baq,A,msa,5,0,0.18734467029571533,1,208,0.4646,0.8453,10715,0.4244,0.9265,977,0.3914,0.8387,21528,0.9537,208,1.6000,1704,0.2260,0.4519,0.9512,0.3510,0.6827,1.0000,1.0000,1.0000,1.0000,47,73,306
8bau,A,msa,4,0,0.19238238036632538,1,189,0.3194,0.4972,8921,0.2670,0.3917,907,0.3950,0.7907,17578,1.1173,188,1.5977,1536,0.4180,0.8404,1.0000,0.2698,0.5426,0.9730,0.9683,1.0000,1.0000,79,51,210
8bfy,A,msa,1,0,0.17228960990905762,1,426,0.5159,0.8933,24575,0.3153,0.5852,2018,1.3934,2.2964,73153,3.2321,383,3.4821,2974,0.2418,0.4836,0.9882,0.2700,0.5399,0.9882,0.9977,1.0000,1.0000,103,115,651
8bgb,A,msa,3,0,0.18608641624450684,1,131,0.4840,0.8673,5621,0.3926,0.8656,628,0.3149,0.6252,7875,1.2123,126,1.6746,979,0.4427,0.8923,1.0000,0.5802,0.9846,1.0000,0.9695,1.0000,1.0000,58,76,154
8bke,A,msa,2,0,0.15423201024532318,1,638,0.3719,0.6629,27518,0.3073,0.5387,2334,0.4189,0.7761,91378,1.3070,428,1.5858,3237,0.1411,0.2821,0.7087,0.6113,0.9749,1.0000,0.9969,1.0000,1.0000,90,390,922
8bsb,A,msa,5,0,0.16812443733215332,1,177,0.3893,0.5654,5692,0.3030,0.4666,738,0.5745,0.8407,12246,1.1707,157,1.5936,1267,0.0508,0.1023,0.2286,0.1356,0.2727,0.6857,0.6554,0.9886,1.0000,9,24,118
8bux,A,msa,3,0,0.17813639342784882,1,334,0.3955,0.6575,14144,0.3564,0.6272,1345,0.4780,0.8275,39060,0.9676,280,1.4292,2156,0.1737,0.3473,0.8636,0.2425,0.4850,0.9848,0.9910,1.0000,1.0000,58,81,410
8c4d,A,msa,1,0,0.13553205132484436,1,330,0.2118,0.2740,9581,0.2245,0.2747,921,0.1810,0.2458,16471,0.3461,182,0.8727,1469,0.1545,0.3091,0.7727,0.1667,0.3333,0.8333,0.9182,1.0000,1.0000,51,55,304
7xlz,A,msa,1,0,0.1806090921163559,1,266,0.3332,0.4984,12227,0.2767,0.3970,1129,0.3041,0.4872,27730,0.6693,236,1.2053,1917,0.2180,0.4361,0.9811,0.4511,0.8947,1.0000,1.0000,1.0000,1.0000,58,120,380
8c4y,A,msa,5,0,0.19171252846717834,1,314,0.2721,0.4181,18586,0.2467,0.3519,1631,0.2425,0.3831,47278,0.5123,308,1.1118,2457,0.2516,0.5032,1.0000,0.2771,0.5541,1.0000,1.0000,1.0000,1.0000,79,87,570
8cba,A,msa,2,0,0.18443948030471802,1,214,0.3479,0.5445,8025,0.2996,0.5208,764,0.4355,0.8216,16110,0.9532,180,1.6549,1662,0.2991,0.5981,1.0000,0.2991,0.5981,1.0000,0.8505,1.0000,1.0000,64,64,189
8ci9,A,msa,3,0,0.191735178232193,1,312,0.4358,0.7045,17689,0.3319,0.6116,1506,0.4702,0.7187,46360,0.9520,305,1.5760,2377,0.2821,0.5641,0.9839,0.2468,0.4936,1.0000,1.0000,1.0000,1.0000,88,78,511
8cih,A,msa,2,0,0.16972385346889496,1,214,0.4950,0.8838,7034,0.4289,0.9287,870,0.6616,1.1228,16836,2.1507,184,2.4278,1464,0.0794,0.1589,0.3333,0.0935,0.1869,0.4524,0.8037,0.9907,1.0000,17,20,175
8amo,A,msa,1,0,0.1861649602651596,1,399,0.4576,0.7696,18985,0.3231,0.5892,1601,0.5319,0.8487,58653,1.0488,343,1.7127,2971,0.2431,0.4874,0.9747,0.2807,0.5628,1.0000,0.9474,1.0000,1.0000,97,112,434
8cpk,A,msa,4,0,0.19366805255413055,1,384,0.2520,0.4248,22225,0.2714,0.4554,2026,0.2012,0.3644,63190,0.5466,356,1.0891,2724,0.2448,0.4896,0.9868,0.8490,1.0000,1.0000,1.0000,1.0000,1.0000,94,329,876
8cpn,A,msa,2,0,0.17440705001354218,1,207,0.5106,0.8543,6841,0.4026,0.6996,732,0.7554,1.4993,12403,1.8179,158,2.3689,1273,0.2705,0.5437,0.9756,0.4493,0.8835,1.0000,0.9807,1.0000,1.0000,56,93,247
8d2z,A,msa,2,0,0.19035612046718597,1,327,0.3658,0.6013,18486,0.2768,0.4043,1599,0.4375,0.7669,44253,0.9418,298,1.4931,2349,0.3303,0.6626,1.0000,0.4190,0.8344,1.0000,0.9878,1.0000,1.0000,108,137,513
8daj,A,msa,5,0,0.19627386331558228,1,302,0.2457,0.5402,18513,0.2648,0.5656,1575,0.2905,0.7102,41328,1.0914,288,1.4579,2278,0.3311,0.6623,1.0000,0.4901,0.9735,1.0000,1.0000,1.0000,1.0000,100,148,572
8dez,A,msa,3,0,0.18749473989009857,1,173,0.3692,0.6678,7258,0.3671,0.7187,804,0.6322,2.0227,14028,2.3906,168,3.4691,1331,0.2601,0.5233,1.0000,0.2775,0.5581,1.0000,0.9942,1.0000,1.0000,45,48,358
8dge,A,msa,3,0,0.18838189542293549,1,738,0.3431,0.5344,46866,0.2794,0.4370,3603,0.4565,0.6687,248865,0.7458,706,1.2050,5658,0.3442,0.6829,1.0000,0.4133,0.8238,1.0000,0.9973,0.9973,1.0000,254,305,1229
8dhj,A,msa,1,0,0.18992142379283905,1,249,0.3055,0.4174,11255,0.2601,0.3527,1071,0.3866,0.5746,24976,0.8124,224,1.3929,1924,0.2169,0.4355,0.9796,0.3012,0.6048,1.0000,0.9920,1.0000,1.0000,54,75,302
8dmu,A,msa,1,0,0.1946301907300949,1,489,0.2793,0.4091,32839,0.2482,0.3485,2500,0.2877,0.4916,113050,0.6958,476,1.0918,3715,0.3354,0.6721,1.0000,0.2843,0.5697,1.0000,1.0000,1.0000,1.0000,164,139,850
8dp9,A,msa,4,0,0.1800890564918518,1,148,0.5845,1.1385,5481,0.5067,1.2079,603,1.0474,2.5231,8385,4.1561,130,4.5505,1057,0.2568,0.5135,1.0000,0.3108,0.6216,1.0000,1.0000,1.0000,1.0000,38,46,225
8dqd,A,msa,5,0,0.17803896963596344,1,377,0.4613,0.8042,23282,0.3492,0.5594,1982,0.8445,1.3909,68265,1.7563,370,2.0027,2887,0.2414,0.4840,0.9867,0.5146,0.9734,1.0000,0.9947,1.0000,1.0000,91,194,597
8dx0,A,msa,5,0,0.18398264050483704,1,154,0.4968,0.8595,5600,0.3659,0.6988,637,0.6301,1.2134,9045,1.5864,135,2.1721,1115,0.2468,0.4935,1.0000,0.3571,0.6883,1.0000,0.9545,1.0000,1.0000,38,55,181
8e0r,A,msa,5,0,0.1759553998708725,1,468,0.4701,0.8538,24133,0.3863,0.7233,1991,0.7309,1.5025,85905,1.8407,415,2.2161,3370,0.3226,0.6282,0.9785,0.5876,0.9957,1.0000,0.9872,1.0000,1.0000,153,276,624
8e5h,A,msa,1,0,0.1955796182155609,1,372,0.2630,0.3433,22948,0.2256,0.2852,1839,0.2208,0.3022,61075,0.4357,350,0.9586,2763,0.2903,0.5806,1.0000,0.3387,0.6774,1.0000,1.0000,1.0000,1.0000,108,126,653
8eb9,A,msa,2,0,0.12210049480199814,1,95,2.9285,3.9748,3075,3.4914,5.0666,422,3.8455,5.3236,3916,8.7603,89,9.2494,653,0.3474,0.4894,0.8421,0.3368,0.5106,0.7895,0.1474,0.1277,0.0526,41,66,119
8ec3,A,msa,1,0,0.17931640148162842,1,168,0.7068,1.4571,6315,0.5318,1.2308,764,0.7800,1.6769,11781,3.7658,154,4.1882,1229,0.1071,0.2143,0.5455,0.1190,0.2381,0.5758,0.9345,0.9881,1.0000,23,20,175
8eo5,A,msa,4,0,0.1868341714143753,1,290,0.3419,0.5779,16242,0.2540,0.4475,1431,0.3481,0.7092,36315,0.7977,270,1.4706,2025,0.2621,0.5241,1.0000,0.5000,0.9793,1.0000,1.0000,1.0000,1.0000,76,145,416
