entry_id,n_residues,n_statements_in_doc,k,argmax_token,argmax_prob,p_<long-range-contact>,p_<medium-range-contact>,p_<short-range-contact>,p_<distance>
5sbj_A,30,1384,0,<short-range-contact>,0.411803,0.063152,0.363415,0.411803,0.161264
5sbj_A,30,1384,1,<short-range-contact>,0.558779,0.066737,0.232934,0.558779,0.141282
5sbj_A,30,1384,5,<distance>,0.484410,0.012127,0.047963,0.455061,0.484410
5sbj_A,30,1384,20,<distance>,0.435648,0.080587,0.264234,0.219058,0.435648
5sbj_A,30,1384,50,<distance>,0.756647,0.037671,0.109005,0.096197,0.756647
7pv5_A,76,1367,0,<long-range-contact>,0.429606,0.429606,0.260569,0.229951,0.079469
7pv5_A,76,1367,1,<medium-range-contact>,0.475010,0.254255,0.475010,0.164159,0.105989
7pv5_A,76,1367,5,<medium-range-contact>,0.633518,0.029630,0.633518,0.055356,0.281122
7pv5_A,76,1367,20,<distance>,0.729980,0.000149,0.268545,0.000882,0.729980
7pv5_A,76,1367,50,<distance>,0.880241,0.000096,0.119128,0.000045,0.880241
7qp5_A,241,1358,0,<long-range-contact>,0.447756,0.447756,0.255124,0.255124,0.041648
7qp5_A,241,1358,1,<short-range-contact>,0.571240,0.210147,0.174218,0.571240,0.044049
7qp5_A,241,1358,5,<short-range-contact>,0.757543,0.005968,0.018965,0.757543,0.217040
7qp5_A,241,1358,20,<short-range-contact>,0.546189,0.000183,0.000400,0.546189,0.452806
7qp5_A,241,1358,50,<distance>,0.692216,0.000047,0.000103,0.307169,0.692216
7qsj_A,346,1468,0,<long-range-contact>,0.397833,0.397833,0.273426,0.291061,0.037004
7qsj_A,346,1468,1,<medium-range-contact>,0.596166,0.219317,0.596166,0.170804,0.013171
7qsj_A,346,1468,5,<long-range-contact>,0.357743,0.357743,0.357743,0.278611,0.005432
7qsj_A,346,1468,20,<short-range-contact>,0.348064,0.307165,0.326976,0.348064,0.017329
7qsj_A,346,1468,50,<short-range-contact>,0.394476,0.224766,0.327032,0.394476,0.053386
7t9r_A,38,1374,0,<short-range-contact>,0.392449,0.053112,0.368671,0.392449,0.185380
7t9r_A,38,1374,1,<medium-range-contact>,0.557745,0.031466,0.557745,0.205183,0.205183
7t9r_A,38,1374,5,<medium-range-contact>,0.494551,0.046000,0.494551,0.048967,0.409997
7t9r_A,38,1374,20,<distance>,0.710970,0.007898,0.278420,0.002193,0.710970
7t9r_A,38,1374,50,<distance>,0.897492,0.001119,0.100696,0.000234,0.897492
7tjb_A,222,1430,0,<long-range-contact>,0.477132,0.477132,0.225381,0.255390,0.041691
7tjb_A,222,1430,1,<long-range-contact>,0.774440,0.774440,0.111569,0.104809,0.008603
7tjb_A,222,1430,5,<long-range-contact>,0.604572,0.604572,0.076863,0.303998,0.014218
7tjb_A,222,1430,20,<long-range-contact>,0.635330,0.635330,0.141761,0.206262,0.015905
7tjb_A,222,1430,50,<long-range-contact>,0.393568,0.393568,0.197898,0.287940,0.120031
7tlh_A,124,1432,0,<long-range-contact>,0.449390,0.449390,0.256055,0.240541,0.053672
7tlh_A,124,1432,1,<long-range-contact>,0.728928,0.728928,0.118994,0.126669,0.024943
7tlh_A,124,1432,5,<long-range-contact>,0.825465,0.825465,0.067758,0.067758,0.038608
7tlh_A,124,1432,20,<long-range-contact>,0.858742,0.858742,0.006979,0.010155,0.123714
7tlh_A,124,1432,50,<long-range-contact>,0.730139,0.730139,0.000335,0.000472,0.268603
7uba_A,187,1498,0,<long-range-contact>,0.389168,0.389168,0.284721,0.284721,0.041018
7uba_A,187,1498,1,<long-range-contact>,0.682136,0.682136,0.162022,0.142984,0.012494
7uba_A,187,1498,5,<long-range-contact>,0.635606,0.635606,0.282049,0.066992,0.014948
7uba_A,187,1498,20,<long-range-contact>,0.617472,0.617472,0.351825,0.006444,0.023942
7uba_A,187,1498,50,<long-range-contact>,0.630219,0.630219,0.297694,0.001074,0.070709
7uk8_A,383,1392,0,<long-range-contact>,0.398793,0.398793,0.274086,0.291763,0.034846
7uk8_A,383,1392,1,<short-range-contact>,0.597561,0.206512,0.182246,0.597561,0.013202
7uk8_A,383,1392,5,<long-range-contact>,0.379197,0.379197,0.277426,0.334640,0.008378
7uk8_A,383,1392,20,<short-range-contact>,0.493685,0.080592,0.339304,0.493685,0.085790
7uk8_A,383,1392,50,<short-range-contact>,0.459224,0.074966,0.296497,0.459224,0.168939
7ur2_A,160,1366,0,<long-range-contact>,0.489129,0.489129,0.231048,0.231048,0.048430
7ur2_A,160,1366,1,<medium-range-contact>,0.535585,0.237664,0.535585,0.185093,0.041300
7ur2_A,160,1366,5,<medium-range-contact>,0.732088,0.014273,0.732088,0.068095,0.185101
7ur2_A,160,1366,20,<distance>,0.591945,0.000218,0.406838,0.000491,0.591945
7ur2_A,160,1366,50,<distance>,0.742778,0.000051,0.256697,0.000069,0.742778
7ur7_A,63,1403,0,<medium-range-contact>,0.331409,0.258102,0.331409,0.331409,0.078717
7ur7_A,63,1403,1,<long-range-contact>,0.598367,0.598367,0.151291,0.194261,0.055657
7ur7_A,63,1403,5,<long-range-contact>,0.691691,0.691691,0.056777,0.106074,0.144986
7ur7_A,63,1403,20,<long-range-contact>,0.364495,0.364495,0.134090,0.250514,0.250514
7ur7_A,63,1403,50,<distance>,0.470828,0.252016,0.067829,0.208928,0.470828
7urp_A,159,1370,0,<long-range-contact>,0.431922,0.431922,0.278870,0.246102,0.042766
7urp_A,159,1370,1,<medium-range-contact>,0.575897,0.240070,0.575897,0.155001,0.028672
7urp_A,159,1370,5,<medium-range-contact>,0.772169,0.017059,0.772169,0.067471,0.142837
7urp_A,159,1370,20,<distance>,0.514967,0.000259,0.483766,0.000662,0.514967
7urp_A,159,1370,50,<distance>,0.705352,0.000105,0.294035,0.000070,0.705352
7uvg_A,166,1453,0,<long-range-contact>,0.446137,0.446137,0.270596,0.238800,0.044174
7uvg_A,166,1453,1,<medium-range-contact>,0.550228,0.244162,0.550228,0.167810,0.037443
7uvg_A,166,1453,5,<long-range-contact>,0.536368,0.536368,0.253362,0.197319,0.012614
7uvg_A,166,1453,20,<long-range-contact>,0.476300,0.476300,0.239499,0.239499,0.044303
7uvg_A,166,1453,50,<long-range-contact>,0.472248,0.472248,0.223074,0.184935,0.119403
7uww_A,632,1511,0,<long-range-contact>,0.348951,0.348951,0.307948,0.307948,0.034551
7uww_A,632,1511,1,<short-range-contact>,0.635258,0.193743,0.160618,0.635258,0.009646
7uww_A,632,1511,5,<medium-range-contact>,0.358657,0.279323,0.358657,0.358657,0.002738
7uww_A,632,1511,20,<short-range-contact>,0.415685,0.366841,0.209020,0.415685,0.008105
7uww_A,632,1511,50,<long-range-contact>,0.367344,0.367344,0.252471,0.367344,0.012570
7v3o_A,277,1649,0,<long-range-contact>,0.442566,0.442566,0.252166,0.268430,0.036328
7v3o_A,277,1649,1,<medium-range-contact>,0.560738,0.206284,0.560738,0.206284,0.026226
7v3o_A,277,1649,5,<long-range-contact>,0.654090,0.654090,0.256145,0.078120,0.011254
7v3o_A,277,1649,20,<long-range-contact>,0.604667,0.604667,0.184413,0.196306,0.014220
7v3o_A,277,1649,50,<long-range-contact>,0.649748,0.649748,0.127943,0.198162,0.023667
7w15_A,293,1364,0,<long-range-contact>,0.448863,0.448863,0.255754,0.255754,0.039221
7w15_A,293,1364,1,<short-range-contact>,0.580109,0.227174,0.176923,0.580109,0.015459
7w15_A,293,1364,5,<short-range-contact>,0.886766,0.022200,0.022200,0.886766,0.068380
7w15_A,293,1364,20,<short-range-contact>,0.708846,0.000458,0.045315,0.708846,0.244971
7w15_A,293,1364,50,<distance>,0.535544,0.000104,0.046795,0.417082,0.535544
7wz5_A,161,1449,0,<long-range-contact>,0.459405,0.459405,0.245902,0.245902,0.048421
7wz5_A,161,1449,1,<long-range-contact>,0.702916,0.702916,0.138412,0.138412,0.019940
7wz5_A,161,1449,5,<long-range-contact>,0.796510,0.796510,0.074087,0.089366,0.039656
7wz5_A,161,1449,20,<long-range-contact>,0.803126,0.803126,0.108691,0.012981,0.074702
7wz5_A,161,1449,50,<long-range-contact>,0.794174,0.794174,0.073870,0.001969,0.129645
7wzm_A,458,1345,0,<long-range-contact>,0.421187,0.421187,0.271939,0.271939,0.034573
7wzm_A,458,1345,1,<short-range-contact>,0.573161,0.238929,0.174804,0.573161,0.012663
7wzm_A,458,1345,5,<short-range-contact>,0.861062,0.024426,0.051711,0.861062,0.062375
7wzm_A,458,1345,20,<short-range-contact>,0.850079,0.000800,0.000851,0.850079,0.147722
7wzm_A,458,1345,50,<short-range-contact>,0.577046,0.000076,0.000083,0.577046,0.422176
7x3h_A,276,1386,0,<long-range-contact>,0.427333,0.427333,0.293702,0.243487,0.035078
7x3h_A,276,1386,1,<long-range-contact>,0.740633,0.740633,0.145839,0.106698,0.006408
7x3h_A,276,1386,5,<long-range-contact>,0.863511,0.863511,0.058763,0.066587,0.010870
7x3h_A,276,1386,20,<long-range-contact>,0.950845,0.950845,0.011969,0.014438,0.022362
7x3h_A,276,1386,50,<long-range-contact>,0.776594,0.776594,0.000487,0.000144,0.222498
7x4p_A,306,1371,0,<long-range-contact>,0.449948,0.449948,0.256373,0.256373,0.036934
7x4p_A,306,1371,1,<medium-range-contact>,0.574679,0.211412,0.574679,0.186571,0.026878
7x4p_A,306,1371,5,<medium-range-contact>,0.800415,0.006305,0.800415,0.035168,0.157611
7x4p_A,306,1371,20,<medium-range-contact>,0.786081,0.000920,0.786081,0.000980,0.211571
7x4p_A,306,1371,50,<medium-range-contact>,0.592047,0.000476,0.592047,0.000120,0.406908
